employee_id,name,email,department
0,Josephine,Josephine@whalecorp.com,인사팀
1,Brett,Brett@whalecorp.com,디자인팀
2,Kenneth,Kenneth@whalecorp.com,경영팀
3,Christopher,Christopher@whalecorp.com,개발팀
4,Regina,Regina@whalecorp.com,기획팀
5,Ronald,Ronald@whalecorp.com,기획팀
6,Jana,Jana@whalecorp.com,기획팀
7,Donald,Donald@whalecorp.com,개발팀
8,Karen,Karen@whalecorp.com,경영팀
9,Susan,Susan@whalecorp.com,개발팀
10,Rocio,Rocio@whalecorp.com,마케팅팀
11,Christopher,Christopher@whalecorp.com,마케팅팀
12,Dale,Dale@whalecorp.com,개발팀
13,Joshua,Joshua@whalecorp.com,인사팀
14,Corey,Corey@whalecorp.com,개발팀
15,David,David@whalecorp.com,경영팀
16,David,David@whalecorp.com,개발팀
17,Alina,Alina@whalecorp.com,개발팀
18,Berniece,Berniece@whalecorp.com,디자인팀
19,Lisa,Lisa@whalecorp.com,개발팀
20,Molly,Molly@whalecorp.com,경영팀
21,Ricky,Ricky@whalecorp.com,기획팀
22,Gertrude,Gertrude@whalecorp.com,경영팀
23,Shelia,Shelia@whalecorp.com,개발팀
24,Christy,Christy@whalecorp.com,총무팀
25,Kelly,Kelly@whalecorp.com,경영팀
26,Harriet,Harriet@whalecorp.com,개발팀
27,Bertha,Bertha@whalecorp.com,마케팅팀
28,Nyla,Nyla@whalecorp.com,디자인팀
29,Homer,Homer@whalecorp.com,인사팀
30,Brian,Brian@whalecorp.com,디자인팀
31,Michael,Michael@whalecorp.com,총무팀
32,Kim,Kim@whalecorp.com,마케팅팀
33,Lisa,Lisa@whalecorp.com,경영팀
34,Mavis,Mavis@whalecorp.com,마케팅팀
35,Margaret,Margaret@whalecorp.com,기획팀
36,Robert,Robert@whalecorp.com,경영팀
37,Homer,Homer@whalecorp.com,개발팀
38,Elizabeth,Elizabeth@whalecorp.com,총무팀
39,Lila,Lila@whalecorp.com,총무팀
40,Deborah,Deborah@whalecorp.com,인사팀
41,William,William@whalecorp.com,총무팀
42,Kelly,Kelly@whalecorp.com,개발팀
43,Jean,Jean@whalecorp.com,개발팀
44,Christine,Christine@whalecorp.com,개발팀
45,Paulina,Paulina@whalecorp.com,개발팀
46,Jeffrey,Jeffrey@whalecorp.com,마케팅팀
47,Catherine,Catherine@whalecorp.com,마케팅팀
48,Rafael,Rafael@whalecorp.com,경영팀
49,Carol,Carol@whalecorp.com,기획팀
50,Brian,Brian@whalecorp.com,디자인팀
51,Sharon,Sharon@whalecorp.com,경영팀
52,Pete,Pete@whalecorp.com,개발팀
53,Emily,Emily@whalecorp.com,경영팀
54,Carlos,Carlos@whalecorp.com,디자인팀
55,Vanessa,Vanessa@whalecorp.com,개발팀
56,Stacy,Stacy@whalecorp.com,개발팀
57,Jimmy,Jimmy@whalecorp.com,개발팀
58,Elaine,Elaine@whalecorp.com,개발팀
59,Tina,Tina@whalecorp.com,기획팀
60,Sarah,Sarah@whalecorp.com,디자인팀
61,Wanda,Wanda@whalecorp.com,개발팀
62,Ross,Ross@whalecorp.com,인사팀
63,Patricia,Patricia@whalecorp.com,기획팀
64,Frank,Frank@whalecorp.com,총무팀
65,Ashley,Ashley@whalecorp.com,개발팀
66,Frank,Frank@whalecorp.com,개발팀
67,Mason,Mason@whalecorp.com,경영팀
68,David,David@whalecorp.com,총무팀
69,Erica,Erica@whalecorp.com,총무팀
70,Richard,Richard@whalecorp.com,개발팀
71,Kevin,Kevin@whalecorp.com,개발팀
72,Robert,Robert@whalecorp.com,경영팀
73,Bill,Bill@whalecorp.com,총무팀
74,Susan,Susan@whalecorp.com,경영팀
75,Lynn,Lynn@whalecorp.com,총무팀
76,Alma,Alma@whalecorp.com,디자인팀
77,Kathleen,Kathleen@whalecorp.com,마케팅팀
78,Carol,Carol@whalecorp.com,총무팀
79,Christopher,Christopher@whalecorp.com,개발팀
80,Melanie,Melanie@whalecorp.com,경영팀
81,Kandi,Kandi@whalecorp.com,기획팀
82,Angela,Angela@whalecorp.com,디자인팀
83,John,John@whalecorp.com,개발팀
84,Gloria,Gloria@whalecorp.com,기획팀
85,Darrell,Darrell@whalecorp.com,기획팀
86,Steve,Steve@whalecorp.com,개발팀
87,Kathy,Kathy@whalecorp.com,개발팀
88,Katherine,Katherine@whalecorp.com,경영팀
89,David,David@whalecorp.com,마케팅팀
90,Karen,Karen@whalecorp.com,개발팀
91,Christopher,Christopher@whalecorp.com,인사팀
92,Stacey,Stacey@whalecorp.com,개발팀
93,Howard,Howard@whalecorp.com,디자인팀
94,Andrea,Andrea@whalecorp.com,개발팀
95,Christopher,Christopher@whalecorp.com,개발팀
96,Ray,Ray@whalecorp.com,개발팀
97,Deborah,Deborah@whalecorp.com,기획팀
98,Leticia,Leticia@whalecorp.com,개발팀
99,Ellen,Ellen@whalecorp.com,인사팀
100,Holly,Holly@whalecorp.com,총무팀
101,Matthew,Matthew@whalecorp.com,개발팀
102,Robert,Robert@whalecorp.com,경영팀
103,Nancy,Nancy@whalecorp.com,총무팀
104,Jesus,Jesus@whalecorp.com,기획팀
105,Peggy,Peggy@whalecorp.com,개발팀
106,Harold,Harold@whalecorp.com,개발팀
107,Paul,Paul@whalecorp.com,디자인팀
108,Jaime,Jaime@whalecorp.com,인사팀
109,Ola,Ola@whalecorp.com,개발팀
110,Tana,Tana@whalecorp.com,개발팀
111,Fred,Fred@whalecorp.com,마케팅팀
112,Miles,Miles@whalecorp.com,개발팀
113,Darwin,Darwin@whalecorp.com,개발팀
114,Bruce,Bruce@whalecorp.com,경영팀
115,Lori,Lori@whalecorp.com,개발팀
116,Peggy,Peggy@whalecorp.com,경영팀
117,Christopher,Christopher@whalecorp.com,개발팀
118,Albert,Albert@whalecorp.com,개발팀
119,Christopher,Christopher@whalecorp.com,개발팀
120,James,James@whalecorp.com,개발팀
121,Delbert,Delbert@whalecorp.com,경영팀
122,Maria,Maria@whalecorp.com,개발팀
123,Aaron,Aaron@whalecorp.com,총무팀
124,Don,Don@whalecorp.com,개발팀
125,Bradly,Bradly@whalecorp.com,총무팀
126,George,George@whalecorp.com,디자인팀
127,Lisa,Lisa@whalecorp.com,기획팀
128,Glenn,Glenn@whalecorp.com,마케팅팀
129,Antonia,Antonia@whalecorp.com,디자인팀
130,Gregory,Gregory@whalecorp.com,인사팀
131,James,James@whalecorp.com,개발팀
132,Nellie,Nellie@whalecorp.com,경영팀
133,Stephanie,Stephanie@whalecorp.com,경영팀
134,Donna,Donna@whalecorp.com,기획팀
135,Chris,Chris@whalecorp.com,경영팀
136,Chad,Chad@whalecorp.com,기획팀
137,Nancy,Nancy@whalecorp.com,개발팀
138,Kattie,Kattie@whalecorp.com,경영팀
139,Joan,Joan@whalecorp.com,기획팀
140,Betty,Betty@whalecorp.com,인사팀
141,Jennifer,Jennifer@whalecorp.com,총무팀
142,Cindy,Cindy@whalecorp.com,디자인팀
143,Fred,Fred@whalecorp.com,개발팀
144,John,John@whalecorp.com,총무팀
145,Carmen,Carmen@whalecorp.com,경영팀
146,Katherine,Katherine@whalecorp.com,인사팀
147,Scott,Scott@whalecorp.com,디자인팀
148,Fay,Fay@whalecorp.com,기획팀
149,Ramona,Ramona@whalecorp.com,개발팀
150,Yvonne,Yvonne@whalecorp.com,기획팀
151,Marty,Marty@whalecorp.com,디자인팀
152,Christopher,Christopher@whalecorp.com,인사팀
153,Krystyna,Krystyna@whalecorp.com,개발팀
154,Kenneth,Kenneth@whalecorp.com,인사팀
155,David,David@whalecorp.com,인사팀
156,Paul,Paul@whalecorp.com,디자인팀
157,Marcus,Marcus@whalecorp.com,개발팀
158,Joann,Joann@whalecorp.com,인사팀
159,Jennifer,Jennifer@whalecorp.com,마케팅팀
160,Lillian,Lillian@whalecorp.com,디자인팀
161,Daniel,Daniel@whalecorp.com,마케팅팀
162,Charles,Charles@whalecorp.com,기획팀
163,Velma,Velma@whalecorp.com,인사팀
164,James,James@whalecorp.com,총무팀
165,Rick,Rick@whalecorp.com,인사팀
166,Constance,Constance@whalecorp.com,경영팀
167,John,John@whalecorp.com,마케팅팀
168,Debra,Debra@whalecorp.com,경영팀
169,Francisco,Francisco@whalecorp.com,경영팀
170,Robert,Robert@whalecorp.com,경영팀
171,Lorraine,Lorraine@whalecorp.com,디자인팀
172,Judy,Judy@whalecorp.com,인사팀
173,James,James@whalecorp.com,개발팀
174,Shirley,Shirley@whalecorp.com,개발팀
175,Francisco,Francisco@whalecorp.com,개발팀
176,Misty,Misty@whalecorp.com,개발팀
177,Ryan,Ryan@whalecorp.com,경영팀
178,Alisha,Alisha@whalecorp.com,개발팀
179,Lena,Lena@whalecorp.com,경영팀
180,Jamie,Jamie@whalecorp.com,마케팅팀
181,Johnathon,Johnathon@whalecorp.com,마케팅팀
182,Anthony,Anthony@whalecorp.com,개발팀
183,August,August@whalecorp.com,마케팅팀
184,Krista,Krista@whalecorp.com,개발팀
185,Carl,Carl@whalecorp.com,기획팀
186,Leo,Leo@whalecorp.com,마케팅팀
187,Cynthia,Cynthia@whalecorp.com,디자인팀
188,David,David@whalecorp.com,인사팀
189,Thomas,Thomas@whalecorp.com,개발팀
190,Ryan,Ryan@whalecorp.com,개발팀
191,Leola,Leola@whalecorp.com,개발팀
192,Jimmy,Jimmy@whalecorp.com,디자인팀
193,Marsha,Marsha@whalecorp.com,개발팀
194,Tamara,Tamara@whalecorp.com,총무팀
195,Albert,Albert@whalecorp.com,경영팀
196,Joann,Joann@whalecorp.com,경영팀
197,Beth,Beth@whalecorp.com,개발팀
198,Kenneth,Kenneth@whalecorp.com,기획팀
199,Noelle,Noelle@whalecorp.com,인사팀
200,Mark,Mark@whalecorp.com,디자인팀
201,Dorothy,Dorothy@whalecorp.com,경영팀
202,Jeff,Jeff@whalecorp.com,마케팅팀
203,Angela,Angela@whalecorp.com,개발팀
204,Thomas,Thomas@whalecorp.com,총무팀
205,Gina,Gina@whalecorp.com,인사팀
206,Emily,Emily@whalecorp.com,개발팀
207,Angie,Angie@whalecorp.com,개발팀
208,Elizabeth,Elizabeth@whalecorp.com,인사팀
209,Johnathan,Johnathan@whalecorp.com,마케팅팀
210,Margaret,Margaret@whalecorp.com,개발팀
211,Linda,Linda@whalecorp.com,총무팀
212,Kristin,Kristin@whalecorp.com,기획팀
213,Clara,Clara@whalecorp.com,개발팀
214,Ernest,Ernest@whalecorp.com,개발팀
215,Brian,Brian@whalecorp.com,기획팀
216,Rose,Rose@whalecorp.com,디자인팀
217,Celia,Celia@whalecorp.com,총무팀
218,Johnathan,Johnathan@whalecorp.com,기획팀
219,Virginia,Virginia@whalecorp.com,개발팀
220,Brian,Brian@whalecorp.com,개발팀
221,Bobby,Bobby@whalecorp.com,기획팀
222,Timothy,Timothy@whalecorp.com,개발팀
223,Richard,Richard@whalecorp.com,총무팀
224,Claude,Claude@whalecorp.com,개발팀
225,Michael,Michael@whalecorp.com,경영팀
226,Robert,Robert@whalecorp.com,개발팀
227,Wanda,Wanda@whalecorp.com,마케팅팀
228,Gloria,Gloria@whalecorp.com,마케팅팀
229,Sylvia,Sylvia@whalecorp.com,개발팀
230,George,George@whalecorp.com,개발팀
231,Thomas,Thomas@whalecorp.com,마케팅팀
232,Norma,Norma@whalecorp.com,디자인팀
233,Glenn,Glenn@whalecorp.com,경영팀
234,Charles,Charles@whalecorp.com,경영팀
235,Sara,Sara@whalecorp.com,개발팀
236,Alvin,Alvin@whalecorp.com,인사팀
237,Brenda,Brenda@whalecorp.com,경영팀
238,Steven,Steven@whalecorp.com,기획팀
239,Peggy,Peggy@whalecorp.com,개발팀
240,Veronica,Veronica@whalecorp.com,경영팀
241,Marian,Marian@whalecorp.com,개발팀
242,William,William@whalecorp.com,개발팀
243,Terry,Terry@whalecorp.com,경영팀
244,Carol,Carol@whalecorp.com,개발팀
245,Donald,Donald@whalecorp.com,개발팀
246,Jennie,Jennie@whalecorp.com,개발팀
247,Kevin,Kevin@whalecorp.com,경영팀
248,Bobby,Bobby@whalecorp.com,기획팀
249,Neil,Neil@whalecorp.com,경영팀
250,Vernon,Vernon@whalecorp.com,마케팅팀
251,David,David@whalecorp.com,마케팅팀
252,Desiree,Desiree@whalecorp.com,개발팀
253,John,John@whalecorp.com,마케팅팀
254,Richard,Richard@whalecorp.com,개발팀
255,Christopher,Christopher@whalecorp.com,경영팀
256,Merrill,Merrill@whalecorp.com,경영팀
257,Jose,Jose@whalecorp.com,기획팀
258,Reinaldo,Reinaldo@whalecorp.com,기획팀
259,Sydney,Sydney@whalecorp.com,개발팀
260,Derrick,Derrick@whalecorp.com,디자인팀
261,Marinda,Marinda@whalecorp.com,경영팀
262,Leslie,Leslie@whalecorp.com,경영팀
263,Shirley,Shirley@whalecorp.com,개발팀
264,Vera,Vera@whalecorp.com,경영팀
265,Rita,Rita@whalecorp.com,기획팀
266,Gary,Gary@whalecorp.com,경영팀
267,James,James@whalecorp.com,총무팀
268,Evelyn,Evelyn@whalecorp.com,총무팀
269,Norma,Norma@whalecorp.com,개발팀
270,Christopher,Christopher@whalecorp.com,개발팀
271,Sally,Sally@whalecorp.com,경영팀
272,Roy,Roy@whalecorp.com,개발팀
273,Sherry,Sherry@whalecorp.com,디자인팀
274,Kimberly,Kimberly@whalecorp.com,개발팀
275,Zachary,Zachary@whalecorp.com,인사팀
276,Cynthia,Cynthia@whalecorp.com,개발팀
277,Carmen,Carmen@whalecorp.com,마케팅팀
278,Alma,Alma@whalecorp.com,인사팀
279,Patrick,Patrick@whalecorp.com,경영팀
280,Charles,Charles@whalecorp.com,개발팀
281,Anthony,Anthony@whalecorp.com,인사팀
282,Hyun,Hyun@whalecorp.com,마케팅팀
283,James,James@whalecorp.com,개발팀
284,Todd,Todd@whalecorp.com,마케팅팀
285,Kelly,Kelly@whalecorp.com,경영팀
286,Juanita,Juanita@whalecorp.com,개발팀
287,Mary,Mary@whalecorp.com,총무팀
288,Todd,Todd@whalecorp.com,총무팀
289,Sharon,Sharon@whalecorp.com,인사팀
290,George,George@whalecorp.com,개발팀
291,Betty,Betty@whalecorp.com,개발팀
292,Patti,Patti@whalecorp.com,개발팀
293,Frank,Frank@whalecorp.com,개발팀
294,Jose,Jose@whalecorp.com,디자인팀
295,Edward,Edward@whalecorp.com,마케팅팀
296,Gloria,Gloria@whalecorp.com,경영팀
297,Earl,Earl@whalecorp.com,기획팀
298,Ruth,Ruth@whalecorp.com,개발팀
299,Harry,Harry@whalecorp.com,디자인팀
300,Beverly,Beverly@whalecorp.com,기획팀
301,James,James@whalecorp.com,기획팀
302,Arnoldo,Arnoldo@whalecorp.com,경영팀
303,Marcos,Marcos@whalecorp.com,총무팀
304,Robert,Robert@whalecorp.com,경영팀
305,Donald,Donald@whalecorp.com,디자인팀
306,Bryant,Bryant@whalecorp.com,경영팀
307,Becky,Becky@whalecorp.com,기획팀
308,Rafael,Rafael@whalecorp.com,경영팀
309,Frank,Frank@whalecorp.com,기획팀
310,Bernice,Bernice@whalecorp.com,경영팀
311,Floyd,Floyd@whalecorp.com,디자인팀
312,Justin,Justin@whalecorp.com,개발팀
313,Richard,Richard@whalecorp.com,개발팀
314,Jacinto,Jacinto@whalecorp.com,개발팀
315,John,John@whalecorp.com,인사팀
316,William,William@whalecorp.com,디자인팀
317,Chester,Chester@whalecorp.com,경영팀
318,Luann,Luann@whalecorp.com,기획팀
319,Michael,Michael@whalecorp.com,마케팅팀
320,David,David@whalecorp.com,인사팀
321,Ronald,Ronald@whalecorp.com,개발팀
322,Maria,Maria@whalecorp.com,개발팀
323,Gustavo,Gustavo@whalecorp.com,개발팀
324,Kari,Kari@whalecorp.com,개발팀
325,Jessica,Jessica@whalecorp.com,인사팀
326,Robert,Robert@whalecorp.com,개발팀
327,Simon,Simon@whalecorp.com,개발팀
328,Garry,Garry@whalecorp.com,디자인팀
329,Joyce,Joyce@whalecorp.com,경영팀
330,Denise,Denise@whalecorp.com,경영팀
331,David,David@whalecorp.com,디자인팀
332,Rebecca,Rebecca@whalecorp.com,디자인팀
333,Jean,Jean@whalecorp.com,기획팀
334,Willie,Willie@whalecorp.com,경영팀
335,Terry,Terry@whalecorp.com,마케팅팀
336,Marie,Marie@whalecorp.com,총무팀
337,James,James@whalecorp.com,경영팀
338,Leatrice,Leatrice@whalecorp.com,경영팀
339,Robert,Robert@whalecorp.com,디자인팀
340,Linda,Linda@whalecorp.com,경영팀
341,Ian,Ian@whalecorp.com,개발팀
342,Rachel,Rachel@whalecorp.com,개발팀
343,Tammy,Tammy@whalecorp.com,마케팅팀
344,Edith,Edith@whalecorp.com,기획팀
345,Edward,Edward@whalecorp.com,경영팀
346,Candy,Candy@whalecorp.com,경영팀
347,Anthony,Anthony@whalecorp.com,기획팀
348,Larry,Larry@whalecorp.com,기획팀
349,Shirley,Shirley@whalecorp.com,기획팀
350,David,David@whalecorp.com,디자인팀
351,Walker,Walker@whalecorp.com,경영팀
352,Michael,Michael@whalecorp.com,총무팀
353,Alanna,Alanna@whalecorp.com,총무팀
354,Edith,Edith@whalecorp.com,개발팀
355,Antonio,Antonio@whalecorp.com,경영팀
356,Steven,Steven@whalecorp.com,기획팀
357,Elaine,Elaine@whalecorp.com,경영팀
358,Josephine,Josephine@whalecorp.com,경영팀
359,Derek,Derek@whalecorp.com,개발팀
360,Bernice,Bernice@whalecorp.com,기획팀
361,Paul,Paul@whalecorp.com,개발팀
362,Rosella,Rosella@whalecorp.com,총무팀
363,James,James@whalecorp.com,마케팅팀
364,Eddie,Eddie@whalecorp.com,마케팅팀
365,Opal,Opal@whalecorp.com,개발팀
366,Gloria,Gloria@whalecorp.com,인사팀
367,Kathleen,Kathleen@whalecorp.com,개발팀
368,Louise,Louise@whalecorp.com,경영팀
369,Jarrod,Jarrod@whalecorp.com,개발팀
370,Lewis,Lewis@whalecorp.com,개발팀
371,Yvonne,Yvonne@whalecorp.com,경영팀
372,Fred,Fred@whalecorp.com,기획팀
373,Charles,Charles@whalecorp.com,디자인팀
374,Harry,Harry@whalecorp.com,인사팀
375,Jan,Jan@whalecorp.com,경영팀
376,Michael,Michael@whalecorp.com,인사팀
377,Rose,Rose@whalecorp.com,개발팀
378,Joseph,Joseph@whalecorp.com,개발팀
379,William,William@whalecorp.com,개발팀
380,Mario,Mario@whalecorp.com,마케팅팀
381,Whitney,Whitney@whalecorp.com,기획팀
382,Alton,Alton@whalecorp.com,마케팅팀
383,Sandra,Sandra@whalecorp.com,기획팀
384,Kimberly,Kimberly@whalecorp.com,경영팀
385,Jennifer,Jennifer@whalecorp.com,마케팅팀
386,David,David@whalecorp.com,개발팀
387,Dorothy,Dorothy@whalecorp.com,기획팀
388,Florence,Florence@whalecorp.com,총무팀
389,Monica,Monica@whalecorp.com,경영팀
390,Oscar,Oscar@whalecorp.com,경영팀
391,Richard,Richard@whalecorp.com,개발팀
392,Tommy,Tommy@whalecorp.com,개발팀
393,Ashley,Ashley@whalecorp.com,경영팀
394,Lynn,Lynn@whalecorp.com,디자인팀
395,Larry,Larry@whalecorp.com,마케팅팀
396,Jenny,Jenny@whalecorp.com,디자인팀
397,Elaine,Elaine@whalecorp.com,경영팀
398,Frances,Frances@whalecorp.com,인사팀
399,Donna,Donna@whalecorp.com,마케팅팀
400,Jennie,Jennie@whalecorp.com,인사팀
401,Ricky,Ricky@whalecorp.com,경영팀
402,Sam,Sam@whalecorp.com,디자인팀
403,Deborah,Deborah@whalecorp.com,인사팀
404,Roger,Roger@whalecorp.com,경영팀
405,Yvonne,Yvonne@whalecorp.com,경영팀
406,Yolanda,Yolanda@whalecorp.com,마케팅팀
407,Robert,Robert@whalecorp.com,인사팀
408,Deborah,Deborah@whalecorp.com,디자인팀
409,Margaret,Margaret@whalecorp.com,개발팀
410,Terri,Terri@whalecorp.com,경영팀
411,Brian,Brian@whalecorp.com,디자인팀
412,James,James@whalecorp.com,인사팀
413,Willis,Willis@whalecorp.com,개발팀
414,Julie,Julie@whalecorp.com,개발팀
415,Lee,Lee@whalecorp.com,개발팀
416,William,William@whalecorp.com,개발팀
417,Elizabeth,Elizabeth@whalecorp.com,마케팅팀
418,Salvatore,Salvatore@whalecorp.com,인사팀
419,Carole,Carole@whalecorp.com,개발팀
420,Kimberly,Kimberly@whalecorp.com,경영팀
421,Mary,Mary@whalecorp.com,총무팀
422,Alberta,Alberta@whalecorp.com,개발팀
423,Michelle,Michelle@whalecorp.com,디자인팀
424,Doris,Doris@whalecorp.com,마케팅팀
425,Katie,Katie@whalecorp.com,개발팀
426,Gordon,Gordon@whalecorp.com,개발팀
427,Vernon,Vernon@whalecorp.com,총무팀
428,Chris,Chris@whalecorp.com,기획팀
429,Frederick,Frederick@whalecorp.com,개발팀
430,Christopher,Christopher@whalecorp.com,개발팀
431,Stephanie,Stephanie@whalecorp.com,경영팀
432,Monique,Monique@whalecorp.com,총무팀
433,Mandy,Mandy@whalecorp.com,디자인팀
434,William,William@whalecorp.com,개발팀
435,Linwood,Linwood@whalecorp.com,마케팅팀
436,Amber,Amber@whalecorp.com,개발팀
437,Lynn,Lynn@whalecorp.com,개발팀
438,Wanda,Wanda@whalecorp.com,마케팅팀
439,Pat,Pat@whalecorp.com,개발팀
440,Jonathan,Jonathan@whalecorp.com,개발팀
441,Mark,Mark@whalecorp.com,개발팀
442,Teresa,Teresa@whalecorp.com,개발팀
443,Jose,Jose@whalecorp.com,경영팀
444,Betty,Betty@whalecorp.com,인사팀
445,Dave,Dave@whalecorp.com,디자인팀
446,Samuel,Samuel@whalecorp.com,기획팀
447,Kimberly,Kimberly@whalecorp.com,개발팀
448,Melissa,Melissa@whalecorp.com,총무팀
449,Lisa,Lisa@whalecorp.com,인사팀
450,Randall,Randall@whalecorp.com,경영팀
451,Deborah,Deborah@whalecorp.com,총무팀
452,Joel,Joel@whalecorp.com,기획팀
453,Evelyn,Evelyn@whalecorp.com,개발팀
454,Gladys,Gladys@whalecorp.com,기획팀
455,Robert,Robert@whalecorp.com,개발팀
456,Nancy,Nancy@whalecorp.com,기획팀
457,Dan,Dan@whalecorp.com,개발팀
458,Heidi,Heidi@whalecorp.com,개발팀
459,Brad,Brad@whalecorp.com,마케팅팀
460,Marlene,Marlene@whalecorp.com,기획팀
461,Louise,Louise@whalecorp.com,경영팀
462,Alice,Alice@whalecorp.com,개발팀
463,Richard,Richard@whalecorp.com,디자인팀
464,Robert,Robert@whalecorp.com,개발팀
465,Elizabeth,Elizabeth@whalecorp.com,개발팀
466,Robin,Robin@whalecorp.com,인사팀
467,Willie,Willie@whalecorp.com,경영팀
468,Joann,Joann@whalecorp.com,경영팀
469,Denise,Denise@whalecorp.com,총무팀
470,Marie,Marie@whalecorp.com,개발팀
471,Elizabeth,Elizabeth@whalecorp.com,디자인팀
472,Susan,Susan@whalecorp.com,개발팀
473,Angela,Angela@whalecorp.com,디자인팀
474,Lula,Lula@whalecorp.com,개발팀
475,Maggie,Maggie@whalecorp.com,디자인팀
476,Kyle,Kyle@whalecorp.com,마케팅팀
477,Ann,Ann@whalecorp.com,인사팀
478,Patricia,Patricia@whalecorp.com,기획팀
479,Candace,Candace@whalecorp.com,인사팀
480,Connie,Connie@whalecorp.com,디자인팀
481,Betty,Betty@whalecorp.com,개발팀
482,Krystina,Krystina@whalecorp.com,기획팀
483,Michelle,Michelle@whalecorp.com,개발팀
484,Virginia,Virginia@whalecorp.com,마케팅팀
485,Freeda,Freeda@whalecorp.com,총무팀
486,Jessica,Jessica@whalecorp.com,개발팀
487,Kevin,Kevin@whalecorp.com,경영팀
488,Lee,Lee@whalecorp.com,개발팀
489,Blanca,Blanca@whalecorp.com,기획팀
490,Frank,Frank@whalecorp.com,디자인팀
491,Paul,Paul@whalecorp.com,개발팀
492,Jessica,Jessica@whalecorp.com,개발팀
493,Phyllis,Phyllis@whalecorp.com,경영팀
494,Sarah,Sarah@whalecorp.com,디자인팀
495,William,William@whalecorp.com,개발팀
496,Shanon,Shanon@whalecorp.com,인사팀
497,Pamela,Pamela@whalecorp.com,개발팀
498,Sonya,Sonya@whalecorp.com,개발팀
499,Ben,Ben@whalecorp.com,개발팀
500,Karen,Karen@whalecorp.com,기획팀
501,Mark,Mark@whalecorp.com,인사팀
502,Carmelita,Carmelita@whalecorp.com,총무팀
503,Lucille,Lucille@whalecorp.com,경영팀
504,Joseph,Joseph@whalecorp.com,개발팀
505,Melvin,Melvin@whalecorp.com,마케팅팀
506,Cheryl,Cheryl@whalecorp.com,개발팀
507,Pauline,Pauline@whalecorp.com,개발팀
508,Joseph,Joseph@whalecorp.com,마케팅팀
509,Justin,Justin@whalecorp.com,기획팀
510,Betty,Betty@whalecorp.com,개발팀
511,Martha,Martha@whalecorp.com,개발팀
512,Pauline,Pauline@whalecorp.com,기획팀
513,Sheri,Sheri@whalecorp.com,경영팀
514,Dawn,Dawn@whalecorp.com,경영팀
515,Willie,Willie@whalecorp.com,개발팀
516,Jennifer,Jennifer@whalecorp.com,인사팀
517,Patricia,Patricia@whalecorp.com,인사팀
518,Marion,Marion@whalecorp.com,디자인팀
519,Cathy,Cathy@whalecorp.com,경영팀
520,Cliff,Cliff@whalecorp.com,개발팀
521,Herman,Herman@whalecorp.com,개발팀
522,Richard,Richard@whalecorp.com,총무팀
523,Jo,Jo@whalecorp.com,경영팀
524,Velda,Velda@whalecorp.com,개발팀
525,Beth,Beth@whalecorp.com,개발팀
526,Diane,Diane@whalecorp.com,마케팅팀
527,Pablo,Pablo@whalecorp.com,총무팀
528,Tyrone,Tyrone@whalecorp.com,총무팀
529,Connie,Connie@whalecorp.com,인사팀
530,David,David@whalecorp.com,디자인팀
531,Terry,Terry@whalecorp.com,기획팀
532,Monica,Monica@whalecorp.com,마케팅팀
533,David,David@whalecorp.com,개발팀
534,Kenneth,Kenneth@whalecorp.com,경영팀
535,Kyle,Kyle@whalecorp.com,마케팅팀
536,Michael,Michael@whalecorp.com,인사팀
537,Daryl,Daryl@whalecorp.com,기획팀
538,Celia,Celia@whalecorp.com,마케팅팀
539,Tasia,Tasia@whalecorp.com,총무팀
540,Matthew,Matthew@whalecorp.com,경영팀
541,Lindsay,Lindsay@whalecorp.com,경영팀
542,Michel,Michel@whalecorp.com,개발팀
543,Gary,Gary@whalecorp.com,개발팀
544,John,John@whalecorp.com,기획팀
545,Stevie,Stevie@whalecorp.com,마케팅팀
546,Phillip,Phillip@whalecorp.com,경영팀
547,Fredrick,Fredrick@whalecorp.com,개발팀
548,Gwen,Gwen@whalecorp.com,총무팀
549,Eloy,Eloy@whalecorp.com,개발팀
550,Sarah,Sarah@whalecorp.com,개발팀
551,Kelly,Kelly@whalecorp.com,기획팀
552,Robert,Robert@whalecorp.com,기획팀
553,Nancy,Nancy@whalecorp.com,개발팀
554,Steven,Steven@whalecorp.com,개발팀
555,Regina,Regina@whalecorp.com,총무팀
556,Carol,Carol@whalecorp.com,총무팀
557,Tracey,Tracey@whalecorp.com,개발팀
558,Patrick,Patrick@whalecorp.com,인사팀
559,Chelsey,Chelsey@whalecorp.com,기획팀
560,Nancy,Nancy@whalecorp.com,기획팀
561,Ruth,Ruth@whalecorp.com,마케팅팀
562,Michael,Michael@whalecorp.com,개발팀
563,David,David@whalecorp.com,개발팀
564,Andrew,Andrew@whalecorp.com,개발팀
565,Frances,Frances@whalecorp.com,개발팀
566,James,James@whalecorp.com,인사팀
567,Jane,Jane@whalecorp.com,총무팀
568,Glenda,Glenda@whalecorp.com,경영팀
569,Brian,Brian@whalecorp.com,경영팀
570,Michael,Michael@whalecorp.com,인사팀
571,Kathryn,Kathryn@whalecorp.com,개발팀
572,Sondra,Sondra@whalecorp.com,마케팅팀
573,Raymond,Raymond@whalecorp.com,기획팀
574,Leigh,Leigh@whalecorp.com,개발팀
575,Hazel,Hazel@whalecorp.com,기획팀
576,Constance,Constance@whalecorp.com,개발팀
577,Kenny,Kenny@whalecorp.com,개발팀
578,Penny,Penny@whalecorp.com,경영팀
579,Elizabeth,Elizabeth@whalecorp.com,마케팅팀
580,Eileen,Eileen@whalecorp.com,인사팀
581,Winston,Winston@whalecorp.com,경영팀
582,Mildred,Mildred@whalecorp.com,디자인팀
583,Frank,Frank@whalecorp.com,기획팀
584,Marianne,Marianne@whalecorp.com,총무팀
585,Charles,Charles@whalecorp.com,개발팀
586,Edwin,Edwin@whalecorp.com,인사팀
587,Melisa,Melisa@whalecorp.com,개발팀
588,Lorie,Lorie@whalecorp.com,경영팀
589,Polly,Polly@whalecorp.com,기획팀
590,Barbara,Barbara@whalecorp.com,총무팀
591,Mary,Mary@whalecorp.com,총무팀
592,Arnold,Arnold@whalecorp.com,경영팀
593,Keith,Keith@whalecorp.com,경영팀
594,Beverly,Beverly@whalecorp.com,기획팀
595,Jessica,Jessica@whalecorp.com,개발팀
596,Lina,Lina@whalecorp.com,경영팀
597,Trevor,Trevor@whalecorp.com,마케팅팀
598,Myra,Myra@whalecorp.com,개발팀
599,James,James@whalecorp.com,경영팀
600,Bill,Bill@whalecorp.com,개발팀
601,Rosa,Rosa@whalecorp.com,개발팀
602,Peter,Peter@whalecorp.com,인사팀
603,Donald,Donald@whalecorp.com,총무팀
604,Joseph,Joseph@whalecorp.com,개발팀
605,Todd,Todd@whalecorp.com,개발팀
606,Sally,Sally@whalecorp.com,개발팀
607,Sarah,Sarah@whalecorp.com,개발팀
608,James,James@whalecorp.com,디자인팀
609,Victor,Victor@whalecorp.com,마케팅팀
610,Katherine,Katherine@whalecorp.com,인사팀
611,Tommie,Tommie@whalecorp.com,총무팀
612,Josephine,Josephine@whalecorp.com,경영팀
613,Charles,Charles@whalecorp.com,개발팀
614,Beatrice,Beatrice@whalecorp.com,개발팀
615,Shirley,Shirley@whalecorp.com,마케팅팀
616,Maurice,Maurice@whalecorp.com,기획팀
617,Jose,Jose@whalecorp.com,경영팀
618,Jennifer,Jennifer@whalecorp.com,기획팀
619,Vera,Vera@whalecorp.com,마케팅팀
620,Jim,Jim@whalecorp.com,기획팀
621,James,James@whalecorp.com,경영팀
622,Angelena,Angelena@whalecorp.com,개발팀
623,Lois,Lois@whalecorp.com,경영팀
624,Bonita,Bonita@whalecorp.com,마케팅팀
625,Tina,Tina@whalecorp.com,개발팀
626,Eleanor,Eleanor@whalecorp.com,기획팀
627,Lynn,Lynn@whalecorp.com,경영팀
628,Alfonso,Alfonso@whalecorp.com,기획팀
629,Brandon,Brandon@whalecorp.com,인사팀
630,Patricia,Patricia@whalecorp.com,인사팀
631,Edna,Edna@whalecorp.com,개발팀
632,Jeffrey,Jeffrey@whalecorp.com,개발팀
633,Cynthia,Cynthia@whalecorp.com,경영팀
634,Desmond,Desmond@whalecorp.com,인사팀
635,Dimple,Dimple@whalecorp.com,디자인팀
636,Louis,Louis@whalecorp.com,개발팀
637,Joseph,Joseph@whalecorp.com,인사팀
638,Terry,Terry@whalecorp.com,마케팅팀
639,Jason,Jason@whalecorp.com,개발팀
640,Eleanor,Eleanor@whalecorp.com,마케팅팀
641,Marla,Marla@whalecorp.com,디자인팀
642,Alphonso,Alphonso@whalecorp.com,마케팅팀
643,Joseph,Joseph@whalecorp.com,경영팀
644,Ronald,Ronald@whalecorp.com,마케팅팀
645,Mary,Mary@whalecorp.com,인사팀
646,Jeffrey,Jeffrey@whalecorp.com,디자인팀
647,Iris,Iris@whalecorp.com,디자인팀
648,Eric,Eric@whalecorp.com,개발팀
649,John,John@whalecorp.com,경영팀
650,Ben,Ben@whalecorp.com,총무팀
651,Thomas,Thomas@whalecorp.com,경영팀
652,Doyle,Doyle@whalecorp.com,개발팀
653,Ian,Ian@whalecorp.com,총무팀
654,William,William@whalecorp.com,경영팀
655,Linda,Linda@whalecorp.com,총무팀
656,Lance,Lance@whalecorp.com,디자인팀
657,Debra,Debra@whalecorp.com,기획팀
658,Julie,Julie@whalecorp.com,마케팅팀
659,Portia,Portia@whalecorp.com,기획팀
660,Randi,Randi@whalecorp.com,기획팀
661,Amber,Amber@whalecorp.com,마케팅팀
662,Luisa,Luisa@whalecorp.com,개발팀
663,Ida,Ida@whalecorp.com,개발팀
664,Elma,Elma@whalecorp.com,총무팀
665,Patricia,Patricia@whalecorp.com,마케팅팀
666,Jason,Jason@whalecorp.com,인사팀
667,Noah,Noah@whalecorp.com,개발팀
668,Frederick,Frederick@whalecorp.com,개발팀
669,Shirley,Shirley@whalecorp.com,경영팀
670,Robert,Robert@whalecorp.com,디자인팀
671,Beatrice,Beatrice@whalecorp.com,개발팀
672,William,William@whalecorp.com,기획팀
673,Neil,Neil@whalecorp.com,마케팅팀
674,Mildred,Mildred@whalecorp.com,디자인팀
675,Sammie,Sammie@whalecorp.com,총무팀
676,Richard,Richard@whalecorp.com,총무팀
677,Daniel,Daniel@whalecorp.com,경영팀
678,Donald,Donald@whalecorp.com,디자인팀
679,David,David@whalecorp.com,경영팀
680,Jon,Jon@whalecorp.com,경영팀
681,Jeffrey,Jeffrey@whalecorp.com,기획팀
682,John,John@whalecorp.com,총무팀
683,Joanne,Joanne@whalecorp.com,경영팀
684,Aaron,Aaron@whalecorp.com,기획팀
685,Marlyn,Marlyn@whalecorp.com,인사팀
686,Melba,Melba@whalecorp.com,총무팀
687,James,James@whalecorp.com,경영팀
688,Mary,Mary@whalecorp.com,디자인팀
689,Clemente,Clemente@whalecorp.com,경영팀
690,Vincent,Vincent@whalecorp.com,총무팀
691,Elizabeth,Elizabeth@whalecorp.com,인사팀
692,Donald,Donald@whalecorp.com,마케팅팀
693,Veronica,Veronica@whalecorp.com,마케팅팀
694,Michael,Michael@whalecorp.com,인사팀
695,Susan,Susan@whalecorp.com,경영팀
696,Charles,Charles@whalecorp.com,디자인팀
697,Mattie,Mattie@whalecorp.com,디자인팀
698,Nicholas,Nicholas@whalecorp.com,총무팀
699,Daniel,Daniel@whalecorp.com,인사팀
700,Barbara,Barbara@whalecorp.com,개발팀
701,Albert,Albert@whalecorp.com,디자인팀
702,Edward,Edward@whalecorp.com,인사팀
703,Ellen,Ellen@whalecorp.com,기획팀
704,Craig,Craig@whalecorp.com,총무팀
705,Terri,Terri@whalecorp.com,경영팀
706,Yolanda,Yolanda@whalecorp.com,개발팀
707,Jennie,Jennie@whalecorp.com,총무팀
708,James,James@whalecorp.com,경영팀
709,Christopher,Christopher@whalecorp.com,개발팀
710,Barbara,Barbara@whalecorp.com,기획팀
711,James,James@whalecorp.com,마케팅팀
712,Travis,Travis@whalecorp.com,총무팀
713,Geri,Geri@whalecorp.com,총무팀
714,Elise,Elise@whalecorp.com,총무팀
715,Danielle,Danielle@whalecorp.com,경영팀
716,Grace,Grace@whalecorp.com,디자인팀
717,Ruby,Ruby@whalecorp.com,마케팅팀
718,Edward,Edward@whalecorp.com,총무팀
719,Deborah,Deborah@whalecorp.com,개발팀
720,Eric,Eric@whalecorp.com,경영팀
721,Jim,Jim@whalecorp.com,개발팀
722,Joel,Joel@whalecorp.com,개발팀
723,Jason,Jason@whalecorp.com,기획팀
724,John,John@whalecorp.com,인사팀
725,Jordan,Jordan@whalecorp.com,인사팀
726,James,James@whalecorp.com,인사팀
727,Hilda,Hilda@whalecorp.com,경영팀
728,Christine,Christine@whalecorp.com,경영팀
729,Erica,Erica@whalecorp.com,디자인팀
730,Jeffery,Jeffery@whalecorp.com,경영팀
731,Lynette,Lynette@whalecorp.com,경영팀
732,Joan,Joan@whalecorp.com,개발팀
733,Bridgette,Bridgette@whalecorp.com,기획팀
734,Rosalva,Rosalva@whalecorp.com,경영팀
735,Jeanette,Jeanette@whalecorp.com,총무팀
736,Susie,Susie@whalecorp.com,경영팀
737,Edith,Edith@whalecorp.com,인사팀
738,Joseph,Joseph@whalecorp.com,개발팀
739,Dorothy,Dorothy@whalecorp.com,개발팀
740,Charles,Charles@whalecorp.com,디자인팀
741,Stanley,Stanley@whalecorp.com,경영팀
742,Ernest,Ernest@whalecorp.com,경영팀
743,James,James@whalecorp.com,총무팀
744,Michael,Michael@whalecorp.com,마케팅팀
745,Bill,Bill@whalecorp.com,디자인팀
746,Amy,Amy@whalecorp.com,인사팀
747,Joseph,Joseph@whalecorp.com,개발팀
748,Carol,Carol@whalecorp.com,마케팅팀
749,Jon,Jon@whalecorp.com,경영팀
750,Lisa,Lisa@whalecorp.com,개발팀
751,Carol,Carol@whalecorp.com,경영팀
752,Donna,Donna@whalecorp.com,마케팅팀
753,Justin,Justin@whalecorp.com,개발팀
754,Donald,Donald@whalecorp.com,개발팀
755,Anita,Anita@whalecorp.com,경영팀
756,Jesus,Jesus@whalecorp.com,경영팀
757,Tommy,Tommy@whalecorp.com,개발팀
758,Andrew,Andrew@whalecorp.com,경영팀
759,Nancy,Nancy@whalecorp.com,경영팀
760,Arlene,Arlene@whalecorp.com,개발팀
761,Sofia,Sofia@whalecorp.com,경영팀
762,Maxine,Maxine@whalecorp.com,개발팀
763,Jason,Jason@whalecorp.com,경영팀
764,Linda,Linda@whalecorp.com,개발팀
765,Paul,Paul@whalecorp.com,경영팀
766,Robert,Robert@whalecorp.com,인사팀
767,William,William@whalecorp.com,개발팀
768,Mickey,Mickey@whalecorp.com,개발팀
769,Robert,Robert@whalecorp.com,개발팀
770,Mary,Mary@whalecorp.com,인사팀
771,Juan,Juan@whalecorp.com,마케팅팀
772,Robert,Robert@whalecorp.com,개발팀
773,Destiny,Destiny@whalecorp.com,개발팀
774,David,David@whalecorp.com,개발팀
775,Sadie,Sadie@whalecorp.com,총무팀
776,Stacy,Stacy@whalecorp.com,디자인팀
777,Sarah,Sarah@whalecorp.com,인사팀
778,John,John@whalecorp.com,개발팀
779,Dawn,Dawn@whalecorp.com,개발팀
780,Robert,Robert@whalecorp.com,디자인팀
781,Carlos,Carlos@whalecorp.com,경영팀
782,Nellie,Nellie@whalecorp.com,경영팀
783,Rhonda,Rhonda@whalecorp.com,디자인팀
784,Virginia,Virginia@whalecorp.com,기획팀
785,George,George@whalecorp.com,마케팅팀
786,Troy,Troy@whalecorp.com,경영팀
787,John,John@whalecorp.com,개발팀
788,Carol,Carol@whalecorp.com,개발팀
789,Toshiko,Toshiko@whalecorp.com,개발팀
790,William,William@whalecorp.com,개발팀
791,Dorothea,Dorothea@whalecorp.com,총무팀
792,Warren,Warren@whalecorp.com,경영팀
793,Andrea,Andrea@whalecorp.com,경영팀
794,Anna,Anna@whalecorp.com,디자인팀
795,Tim,Tim@whalecorp.com,개발팀
796,Edgar,Edgar@whalecorp.com,인사팀
797,Kathryn,Kathryn@whalecorp.com,총무팀
798,Mike,Mike@whalecorp.com,경영팀
799,William,William@whalecorp.com,경영팀
800,Jane,Jane@whalecorp.com,디자인팀
801,Mary,Mary@whalecorp.com,마케팅팀
802,Eric,Eric@whalecorp.com,기획팀
803,Judy,Judy@whalecorp.com,인사팀
804,Kevin,Kevin@whalecorp.com,총무팀
805,James,James@whalecorp.com,기획팀
806,Nathan,Nathan@whalecorp.com,디자인팀
807,Richard,Richard@whalecorp.com,인사팀
808,Anthony,Anthony@whalecorp.com,기획팀
809,Stephen,Stephen@whalecorp.com,마케팅팀
810,Josephina,Josephina@whalecorp.com,경영팀
811,Tammy,Tammy@whalecorp.com,개발팀
812,Nancy,Nancy@whalecorp.com,개발팀
813,Steven,Steven@whalecorp.com,경영팀
814,William,William@whalecorp.com,마케팅팀
815,Ivan,Ivan@whalecorp.com,마케팅팀
816,Lynda,Lynda@whalecorp.com,총무팀
817,David,David@whalecorp.com,개발팀
818,Thomas,Thomas@whalecorp.com,마케팅팀
819,Dolly,Dolly@whalecorp.com,디자인팀
820,Marge,Marge@whalecorp.com,개발팀
821,Alex,Alex@whalecorp.com,인사팀
822,Jacqueline,Jacqueline@whalecorp.com,디자인팀
823,Alethea,Alethea@whalecorp.com,개발팀
824,Demetrius,Demetrius@whalecorp.com,총무팀
825,Sherell,Sherell@whalecorp.com,개발팀
826,Dorothy,Dorothy@whalecorp.com,개발팀
827,Stephanie,Stephanie@whalecorp.com,개발팀
828,Charlene,Charlene@whalecorp.com,개발팀
829,Byron,Byron@whalecorp.com,개발팀
830,Sadie,Sadie@whalecorp.com,경영팀
831,Christine,Christine@whalecorp.com,개발팀
832,Gabriele,Gabriele@whalecorp.com,개발팀
833,Jordan,Jordan@whalecorp.com,개발팀
834,Steve,Steve@whalecorp.com,인사팀
835,Michael,Michael@whalecorp.com,개발팀
836,Lisa,Lisa@whalecorp.com,마케팅팀
837,Filomena,Filomena@whalecorp.com,총무팀
838,Jerry,Jerry@whalecorp.com,경영팀
839,Nicholas,Nicholas@whalecorp.com,총무팀
840,Jerrie,Jerrie@whalecorp.com,개발팀
841,Oscar,Oscar@whalecorp.com,개발팀
842,Ana,Ana@whalecorp.com,개발팀
843,Samuel,Samuel@whalecorp.com,경영팀
844,Steven,Steven@whalecorp.com,디자인팀
845,Vanessa,Vanessa@whalecorp.com,총무팀
846,Scott,Scott@whalecorp.com,기획팀
847,Brenda,Brenda@whalecorp.com,경영팀
848,Paulette,Paulette@whalecorp.com,경영팀
849,Diane,Diane@whalecorp.com,개발팀
850,Christie,Christie@whalecorp.com,경영팀
851,Steven,Steven@whalecorp.com,총무팀
852,Terrence,Terrence@whalecorp.com,경영팀
853,Steven,Steven@whalecorp.com,디자인팀
854,Melvin,Melvin@whalecorp.com,디자인팀
855,Harriet,Harriet@whalecorp.com,경영팀
856,Michael,Michael@whalecorp.com,인사팀
857,Byron,Byron@whalecorp.com,인사팀
858,Peggy,Peggy@whalecorp.com,개발팀
859,Donald,Donald@whalecorp.com,경영팀
860,Melissa,Melissa@whalecorp.com,기획팀
861,Raul,Raul@whalecorp.com,경영팀
862,Thomas,Thomas@whalecorp.com,디자인팀
863,Brandi,Brandi@whalecorp.com,개발팀
864,Richard,Richard@whalecorp.com,인사팀
865,Travis,Travis@whalecorp.com,총무팀
866,Richard,Richard@whalecorp.com,개발팀
867,Regina,Regina@whalecorp.com,개발팀
868,Cynthia,Cynthia@whalecorp.com,개발팀
869,Victor,Victor@whalecorp.com,디자인팀
870,Ernestine,Ernestine@whalecorp.com,디자인팀
871,Charles,Charles@whalecorp.com,개발팀
872,Tommy,Tommy@whalecorp.com,개발팀
873,Dean,Dean@whalecorp.com,경영팀
874,Anne,Anne@whalecorp.com,경영팀
875,Milan,Milan@whalecorp.com,총무팀
876,Janice,Janice@whalecorp.com,개발팀
877,Richard,Richard@whalecorp.com,개발팀
878,Douglas,Douglas@whalecorp.com,디자인팀
879,Andres,Andres@whalecorp.com,디자인팀
880,Essie,Essie@whalecorp.com,기획팀
881,April,April@whalecorp.com,디자인팀
882,Eduardo,Eduardo@whalecorp.com,경영팀
883,Shane,Shane@whalecorp.com,디자인팀
884,Marc,Marc@whalecorp.com,디자인팀
885,Denise,Denise@whalecorp.com,경영팀
886,Nina,Nina@whalecorp.com,인사팀
887,Meghan,Meghan@whalecorp.com,개발팀
888,James,James@whalecorp.com,마케팅팀
889,Tyrell,Tyrell@whalecorp.com,디자인팀
890,James,James@whalecorp.com,개발팀
891,Patricia,Patricia@whalecorp.com,총무팀
892,Hazel,Hazel@whalecorp.com,경영팀
893,William,William@whalecorp.com,마케팅팀
894,David,David@whalecorp.com,디자인팀
895,Jessica,Jessica@whalecorp.com,개발팀
896,Lillie,Lillie@whalecorp.com,경영팀
897,Mary,Mary@whalecorp.com,기획팀
898,Renee,Renee@whalecorp.com,마케팅팀
899,Deborah,Deborah@whalecorp.com,디자인팀
900,Joshua,Joshua@whalecorp.com,마케팅팀
901,Salome,Salome@whalecorp.com,마케팅팀
902,Michelle,Michelle@whalecorp.com,개발팀
903,Rosie,Rosie@whalecorp.com,개발팀
904,Kendrick,Kendrick@whalecorp.com,마케팅팀
905,Victor,Victor@whalecorp.com,개발팀
906,Harriet,Harriet@whalecorp.com,인사팀
907,Thomas,Thomas@whalecorp.com,기획팀
908,Alida,Alida@whalecorp.com,개발팀
909,Lillian,Lillian@whalecorp.com,인사팀
910,Sara,Sara@whalecorp.com,개발팀
911,Phillip,Phillip@whalecorp.com,총무팀
912,Stephanie,Stephanie@whalecorp.com,기획팀
913,Oscar,Oscar@whalecorp.com,마케팅팀
914,Connie,Connie@whalecorp.com,마케팅팀
915,Carmen,Carmen@whalecorp.com,디자인팀
916,Opal,Opal@whalecorp.com,인사팀
917,Terry,Terry@whalecorp.com,개발팀
918,Carlos,Carlos@whalecorp.com,인사팀
919,Cheryl,Cheryl@whalecorp.com,개발팀
920,Robert,Robert@whalecorp.com,마케팅팀
921,Santo,Santo@whalecorp.com,디자인팀
922,Richard,Richard@whalecorp.com,총무팀
923,Justin,Justin@whalecorp.com,경영팀
924,Stephanie,Stephanie@whalecorp.com,기획팀
925,Pablo,Pablo@whalecorp.com,총무팀
926,Betty,Betty@whalecorp.com,경영팀
927,Theodore,Theodore@whalecorp.com,디자인팀
928,Michael,Michael@whalecorp.com,디자인팀
929,Eunice,Eunice@whalecorp.com,기획팀
930,Margaret,Margaret@whalecorp.com,개발팀
931,Deborah,Deborah@whalecorp.com,디자인팀
932,James,James@whalecorp.com,경영팀
933,Ellen,Ellen@whalecorp.com,마케팅팀
934,Edna,Edna@whalecorp.com,개발팀
935,Karen,Karen@whalecorp.com,총무팀
936,Thomas,Thomas@whalecorp.com,개발팀
937,Linda,Linda@whalecorp.com,인사팀
938,Tommy,Tommy@whalecorp.com,경영팀
939,James,James@whalecorp.com,총무팀
940,Jesse,Jesse@whalecorp.com,기획팀
941,Melissa,Melissa@whalecorp.com,개발팀
942,Kimberly,Kimberly@whalecorp.com,경영팀
943,Barbara,Barbara@whalecorp.com,디자인팀
944,Mary,Mary@whalecorp.com,총무팀
945,John,John@whalecorp.com,기획팀
946,Nicole,Nicole@whalecorp.com,인사팀
947,Robert,Robert@whalecorp.com,디자인팀
948,Stacey,Stacey@whalecorp.com,인사팀
949,Ronald,Ronald@whalecorp.com,디자인팀
950,Trevor,Trevor@whalecorp.com,총무팀
951,John,John@whalecorp.com,개발팀
952,Bernice,Bernice@whalecorp.com,개발팀
953,Theodora,Theodora@whalecorp.com,개발팀
954,Christy,Christy@whalecorp.com,마케팅팀
955,Anthony,Anthony@whalecorp.com,총무팀
956,Gerard,Gerard@whalecorp.com,개발팀
957,Armando,Armando@whalecorp.com,기획팀
958,Robert,Robert@whalecorp.com,개발팀
959,Lilly,Lilly@whalecorp.com,총무팀
960,Janice,Janice@whalecorp.com,디자인팀
961,Joe,Joe@whalecorp.com,총무팀
962,James,James@whalecorp.com,경영팀
963,Eddie,Eddie@whalecorp.com,개발팀
964,Robert,Robert@whalecorp.com,디자인팀
965,Michael,Michael@whalecorp.com,총무팀
966,Vicente,Vicente@whalecorp.com,마케팅팀
967,Shirley,Shirley@whalecorp.com,디자인팀
968,Byron,Byron@whalecorp.com,개발팀
969,Gerald,Gerald@whalecorp.com,인사팀
970,Karl,Karl@whalecorp.com,개발팀
971,Sadye,Sadye@whalecorp.com,개발팀
972,Ruth,Ruth@whalecorp.com,경영팀
973,Brian,Brian@whalecorp.com,인사팀
974,Jeannie,Jeannie@whalecorp.com,개발팀
975,Delia,Delia@whalecorp.com,총무팀
976,Latisha,Latisha@whalecorp.com,인사팀
977,John,John@whalecorp.com,인사팀
978,Marco,Marco@whalecorp.com,경영팀
979,Lillie,Lillie@whalecorp.com,개발팀
980,Candace,Candace@whalecorp.com,개발팀
981,Willie,Willie@whalecorp.com,개발팀
982,Walter,Walter@whalecorp.com,경영팀
983,Rosalind,Rosalind@whalecorp.com,개발팀
984,Kenneth,Kenneth@whalecorp.com,경영팀
985,Charles,Charles@whalecorp.com,개발팀
986,Gerald,Gerald@whalecorp.com,개발팀
987,Joseph,Joseph@whalecorp.com,경영팀
988,Jennifer,Jennifer@whalecorp.com,디자인팀
989,Karen,Karen@whalecorp.com,경영팀
990,Kimberly,Kimberly@whalecorp.com,개발팀
991,Elizabeth,Elizabeth@whalecorp.com,기획팀
992,Dawn,Dawn@whalecorp.com,경영팀
993,Joe,Joe@whalecorp.com,경영팀
994,Richard,Richard@whalecorp.com,개발팀
995,Mary,Mary@whalecorp.com,디자인팀
996,Sherry,Sherry@whalecorp.com,디자인팀
997,Lee,Lee@whalecorp.com,개발팀
998,William,William@whalecorp.com,개발팀
999,John,John@whalecorp.com,개발팀